,MEMBER_NO,FFP_DATE,FIRST_FLIGHT_DATE,GENDER,FFP_TIER,WORK_CITY,WORK_PROVINCE,WORK_COUNTRY,AGE,LOAD_TIME,FLIGHT_COUNT,BP_SUM,SUM_YR_1,SUM_YR_2,SEG_KM_SUM,LAST_FLIGHT_DATE,LAST_TO_END,AVG_INTERVAL,MAX_INTERVAL,EXCHANGE_COUNT,avg_discount,Points_Sum,Point_NotFlight,WORK_REGION
21283,1158,2007-05-01 00:00:00,2007-08-09 00:00:00,Male,4,SYDNEY,NEW SOUTH WALES,AU,43.0,3/31/2014,4,11029,0.0,8616.0,15226,2014-03-04 00:00:00,28,4.3,6,0,0.8,11029,0,Oceania
10414,1757,2012-08-03 00:00:00,2012-10-20 00:00:00,Male,4,MELBOURNE,VICTORIA,AU,44.0,3/31/2014,8,16830,13468.0,0.0,28652,2013-03-14 00:00:00,384,20.7,75,0,0.7,16830,0,Oceania
26408,1965,2013-03-08 00:00:00,2013-08-14 00:00:00,Male,4,SYDNEY,NEW SOUTH WALES,AU,46.0,3/31/2014,4,6658,0.0,4379.0,17036,2013-08-30 00:00:00,215,5.3,9,0,0.5,6658,0,Oceania
7951,2184,2005-05-27 00:00:00,2006-05-24 00:00:00,Male,4,SYDNEY,NEW SOUTH WALES,AU,58.0,3/31/2014,25,18793,1246.0,22351.0,37345,2014-03-10 00:00:00,22,24.3,126,0,0.7,18793,0,Oceania
35982,2230,2005-06-28 00:00:00,2006-09-21 00:00:00,Female,4,SYDNEY,NEW SOUTH WALES,AU,52.0,3/31/2014,2,3421,0.0,3065.0,8683,2013-04-03 00:00:00,364,1.0,1,0,0.6,3421,0,Oceania
3692,2682,2007-09-16 00:00:00,2007-09-17 00:00:00,Female,4,SYDNEY,NEW SOUTH WALES,AU,39.0,3/31/2014,19,25372,11082.0,11152.0,60296,2013-11-08 00:00:00,145,31.7,170,2,0.7,25372,2,Oceania
13315,2746,2007-09-18 00:00:00,2008-01-20 00:00:00,Female,4,SYDNEY,NEW SOUTH WALES,AU,75.0,3/31/2014,3,17997,3500.0,6700.0,22752,2014-03-28 00:00:00,4,355.0,356,0,0.8,17997,0,Oceania
7850,2837,2008-08-19 00:00:00,2009-03-17 00:00:00,Male,4,SYDNEY,NEW SOUTH WALES,AU,56.0,3/31/2014,5,30478,18000.0,8300.0,26514,2014-03-21 00:00:00,11,159.2,458,0,1.0,30478,0,Oceania
2451,2838,2009-01-03 00:00:00,2009-01-27 00:00:00,Male,4,SYDNEY,NEW SOUTH WALES,AU,46.0,3/31/2014,12,58937,36000.0,15782.0,50418,2013-09-10 00:00:00,204,37.9,137,5,1.0,61353,7,Oceania
22829,2927,2007-12-25 00:00:00,2007-12-27 00:00:00,Female,4,MELBOURNE,VICTORIA,AU,47.0,3/31/2014,2,6030,0.0,5500.0,15208,2013-04-14 00:00:00,353,9.0,9,0,0.7,6030,0,Oceania
1351,2972,2009-10-16 00:00:00,2009-12-09 00:00:00,Male,4,SYDNEY,NEW SOUTH WALES,AU,52.0,3/31/2014,13,60020,25630.0,9900.0,79971,2013-08-15 00:00:00,230,41.5,76,1,0.8,60020,1,Oceania
401,3003,2012-06-02 00:00:00,2012-06-02 00:00:00,Male,4,MELBOURNE,AUS,AU,43.0,3/31/2014,18,67839,25000.0,27100.0,136876,2014-03-12 00:00:00,20,38.2,89,0,0.7,72359,0,Oceania
22830,3004,2010-07-14 00:00:00,2010-09-12 00:00:00,Female,4,MELBOURNE,VICTORIA,AU,58.0,3/31/2014,2,6030,4700.0,0.0,15208,2012-12-30 00:00:00,458,48.0,48,0,0.7,6030,0,Oceania
13512,3015,2008-05-04 00:00:00,2008-05-04 00:00:00,Male,4,SYDNEY,NEW SOUTH WALES,AU,47.0,3/31/2014,6,9825,2549.0,6698.0,25072,2013-07-30 00:00:00,246,35.0,79,0,0.7,9825,0,Oceania
10088,3016,2010-02-03 00:00:00,2010-03-02 00:00:00,Male,4,MELBOURNE,VICTORIA,AU,57.0,3/31/2014,4,12060,5500.0,5850.0,30424,2013-10-13 00:00:00,171,178.0,196,0,0.7,12060,0,Oceania
10001,3360,2008-10-25 00:00:00,2008-10-31 00:00:00,Female,4,MELBOURNE,VICTORIA,AU,73.0,3/31/2014,4,12060,5400.0,6600.0,30416,2014-02-10 00:00:00,51,152.7,285,0,0.7,12060,0,Oceania
24212,3781,2008-11-02 00:00:00,2012-08-29 00:00:00,Female,4,SYDNEY,NEW SOUTH WALES,AU,36.0,3/31/2014,8,8394,7225.0,1360.0,15736,2013-04-27 00:00:00,340,34.4,58,0,0.6,8394,0,Oceania
21972,4180,2009-10-11 00:00:00,2009-10-11 00:00:00,Male,4,SYDNEY,NEW SOUTH WALES,AU,57.0,3/31/2014,3,6274,2400.0,3230.0,15915,2013-05-11 00:00:00,326,124.5,233,0,0.7,6274,0,Oceania
11786,4998,2010-12-27 00:00:00,2010-12-27 00:00:00,Female,4,SYDNEY,NEW SOUTH WALES,AU,39.0,3/31/2014,7,12815,10610.0,0.0,29727,2012-11-10 00:00:00,508,36.2,102,1,0.7,12815,1,Oceania
47755,5280,2011-03-23 00:00:00,2011-03-26 00:00:00,Male,5,GOLD COAST,QUEENSLAND,AU,25.0,3/31/2014,4,3500,2100.0,1616.0,3229,2013-07-01 00:00:00,275,132.0,388,0,1.0,3500,0,Oceania
25613,5436,2012-10-19 00:00:00,2012-10-19 00:00:00,Male,4,BRISBANE,QUEENSLAND,AU,47.0,3/31/2014,2,10915,10280.0,0.0,8874,2012-10-25 00:00:00,524,6.0,6,0,1.0,10915,0,Oceania
21524,5556,2011-10-15 00:00:00,2012-07-29 00:00:00,Female,4,SYDNEY,NEW SOUTH WALES,AU,48.0,3/31/2014,4,6861,2784.0,3080.0,17550,2013-05-01 00:00:00,336,92.0,253,0,0.6,6861,0,Oceania
8561,5693,2011-09-30 00:00:00,2011-10-03 00:00:00,Female,4,CENTRAL COAST,NEW SOUTH WALES,AS,43.0,3/31/2014,7,13381,6200.0,7760.0,34396,2013-07-04 00:00:00,272,73.5,194,0,0.7,13381,0,Oceania
18676,5785,2012-01-14 00:00:00,2012-12-06 00:00:00,Male,4,SYDNEY,NEW SOUTH WALES,AU,37.0,3/31/2014,4,11261,7688.0,0.0,18541,2013-01-03 00:00:00,454,9.3,14,0,0.7,11261,0,Oceania
13154,6110,2011-10-29 00:00:00,2011-10-29 00:00:00,Female,4,SYDNEY,NEW SOUTH WALES,AU,43.0,3/31/2014,5,14455,3868.0,6750.0,25368,2014-01-07 00:00:00,85,80.8,193,0,0.7,14455,0,Oceania
21399,6134,2011-12-02 00:00:00,2011-12-02 00:00:00,Female,4,MELBOURNE,VICTORIA,AU,45.0,3/31/2014,2,6030,3000.0,3100.0,15208,2013-04-14 00:00:00,353,23.0,23,0,0.8,6030,0,Oceania
9139,6146,2012-01-15 00:00:00,2012-01-15 00:00:00,Male,4,MELBOURNE,VICTORIA,AU,55.0,3/31/2014,8,14701,1683.0,11460.0,35236,2013-10-31 00:00:00,153,78.6,183,0,0.7,14701,0,Oceania
24859,6893,2012-11-01 00:00:00,2012-11-27 00:00:00,Female,4,MELBOURNE,VICTORIA,AU,74.0,3/31/2014,3,10667,10575.0,0.0,10178,2012-12-27 00:00:00,461,15.0,28,0,0.9,10667,0,Oceania
59518,6982,2012-10-28 00:00:00,2012-10-28 00:00:00,Female,4,MELBOURNE,VICTORIA,AU,55.0,3/31/2014,3,1379,1765.0,0.0,2507,2013-03-30 00:00:00,368,76.5,149,0,0.5,1379,0,Oceania
25037,7140,2013-03-16 00:00:00,2013-04-17 00:00:00,Female,4,SYDNEY,NEW SOUTH WALES,AU,35.0,3/31/2014,4,10263,0.0,6874.0,11486,2013-07-26 00:00:00,250,33.3,96,0,0.8,10263,0,Oceania
36536,8177,2012-03-16 00:00:00,2012-07-27 00:00:00,Male,4,CANBERRA,ACT,AU,47.0,3/31/2014,5,3449,3254.0,742.0,7892,2013-07-26 00:00:00,250,91.0,360,0,0.7,3449,0,Oceania
14158,9278,2011-11-27 00:00:00,2011-12-25 00:00:00,Male,4,SYDNEY,NEW SOUTH WALES,AU,45.0,3/31/2014,3,9045,5400.0,3100.0,22814,2013-06-09 00:00:00,297,189.0,288,0,0.7,12911,8,Oceania
16242,9515,2006-01-10 00:00:00,2007-01-21 00:00:00,Female,4,MELBOURNE,VICTORIA,AU,58.0,3/31/2014,10,9177,4401.0,7560.0,21340,2014-01-25 00:00:00,67,58.6,154,0,0.7,9177,0,Oceania
46375,9851,2006-10-09 00:00:00,2007-04-09 00:00:00,Male,4,SYDNEY,NEW SOUTH WALES,AU,47.0,3/31/2014,10,2900,4433.0,5000.0,4130,2013-10-19 00:00:00,165,61.2,183,0,0.8,2900,0,Oceania
38099,10014,2007-02-01 00:00:00,2007-03-11 00:00:00,Male,4,BRISBANE,QUEENSLAND,AU,60.0,3/31/2014,10,3106,1880.0,3234.0,9350,2014-03-20 00:00:00,12,75.8,215,0,0.5,3106,0,Oceania
34836,10116,2007-04-19 00:00:00,2007-07-02 00:00:00,Male,4,SYDNEY,NEW SOUTH WALES,AU,46.0,3/31/2014,3,3895,3108.0,0.0,9742,2012-07-12 00:00:00,629,16.5,33,0,0.6,3895,0,Oceania
507,10329,2009-12-20 00:00:00,2010-02-17 00:00:00,Male,4,MELBOURNE,VICTORIA,AU,42.0,3/31/2014,19,110137,48328.0,42928.0,86805,2014-01-27 00:00:00,65,31.8,172,0,1.1,110137,0,Oceania
50480,10441,2010-11-15 00:00:00,2012-03-26 00:00:00,Female,4,ACT,ACT,AU,41.0,3/31/2014,3,2188,2200.0,900.0,3606,2014-03-22 00:00:00,10,347.0,373,0,0.7,2188,0,Oceania
21258,10742,2012-08-13 00:00:00,2012-08-15 00:00:00,Male,4,CANBERRA,ACT,AU,57.0,3/31/2014,4,7058,5528.0,0.0,18039,2012-09-08 00:00:00,571,8.0,19,0,0.6,7058,0,Oceania
13288,10765,2012-09-01 00:00:00,2012-11-27 00:00:00,Female,4,SYDNEY,NEW SOUTH WALES,AU,18.0,3/31/2014,3,17997,6500.0,3600.0,22783,2014-02-08 00:00:00,53,219.0,369,0,0.8,17997,0,Oceania
17005,10882,2012-11-21 00:00:00,2012-12-31 00:00:00,Male,4,MELBOURNE,VICTORIA,AU,54.0,3/31/2014,2,17337,9750.0,0.0,15208,2013-02-08 00:00:00,418,39.0,39,0,0.9,17337,0,Oceania
1888,11778,2008-03-02 00:00:00,2008-03-02 00:00:00,Male,4,CANBERRA,ACT,AU,33.0,3/31/2014,18,49319,21746.0,16221.0,67449,2014-01-14 00:00:00,78,37.6,166,1,0.8,50819,2,Oceania
2386,11794,2011-01-06 00:00:00,2011-01-10 00:00:00,Male,4,SYDNEY,NEW SOUTH WALES,AU,54.0,3/31/2014,8,59596,36952.0,18000.0,54277,2013-11-01 00:00:00,152,79.0,153,2,0.9,59596,2,Oceania
21041,11800,2008-02-05 00:00:00,2008-03-03 00:00:00,Male,4,SYDNEY,NEW SOUTH WALES,AU,48.0,3/31/2014,3,6477,5660.0,0.0,16507,2013-03-21 00:00:00,377,16.0,23,0,0.7,6477,0,Oceania
34979,11825,2007-11-29 00:00:00,2007-11-29 00:00:00,Female,5,SYDNEY,NEW SOUTH WALES,AU,55.0,3/31/2014,4,3712,0.0,3918.0,9304,2014-01-07 00:00:00,85,1.3,4,0,0.6,3712,0,Oceania
18752,11826,2008-01-01 00:00:00,2008-01-01 00:00:00,Female,4,NOWRA,NEW SOUTH WALES,AU,41.0,3/31/2014,5,7212,4560.0,3319.0,17352,2013-10-05 00:00:00,179,137.2,283,0,0.8,7212,0,Oceania
619,11878,2007-12-10 00:00:00,2007-12-19 00:00:00,Male,4,SYDNEY,AUS,AU,48.0,3/31/2014,26,54198,28218.0,19872.0,126699,2014-02-13 00:00:00,48,26.1,72,1,0.7,54198,1,Oceania
12703,11951,2009-03-16 00:00:00,2009-03-16 00:00:00,Male,4,SYDNEY,NEW SOUTH WALES,AU,52.0,3/31/2014,5,18976,8534.0,2527.0,24514,2014-03-24 00:00:00,8,111.8,365,0,0.7,18976,0,Oceania
18311,11952,2010-02-01 00:00:00,2010-02-16 00:00:00,Female,4,SYDNEY,NEW SOUTH WALES,AU,47.0,3/31/2014,5,8325,0.0,7382.0,21347,2014-03-21 00:00:00,11,45.0,172,0,0.6,8325,0,Oceania
1578,11955,2007-12-30 00:00:00,2008-01-07 00:00:00,Male,4,SYDNEY,NEW SOUTH WALES,AU,48.0,3/31/2014,18,42832,15495.0,20147.0,80843,2014-03-14 00:00:00,18,36.5,262,0,0.7,42832,0,Oceania
13790,11981,2012-03-04 00:00:00,2012-03-04 00:00:00,Female,4,SYDNEY,AUS,AU,47.0,3/31/2014,3,9045,9200.0,0.0,22814,2012-09-28 00:00:00,551,45.5,78,0,0.8,9045,0,Oceania
61063,11982,2011-07-31 00:00:00,2011-07-31 00:00:00,Male,4,MELBOURNE,VICTORIA,AU,71.0,3/31/2014,2,1000,0.0,1306.0,1158,2013-08-27 00:00:00,218,4.0,4,0,0.9,1000,0,Oceania
59170,11990,2009-08-27 00:00:00,2013-02-17 00:00:00,Male,4,MELBOURNE,VICTORIA,AU,48.0,3/31/2014,2,1078,1376.0,0.0,1744,2013-03-01 00:00:00,397,12.0,12,0,0.8,1078,0,Oceania
8487,12136,2008-03-19 00:00:00,2012-09-03 00:00:00,Female,4,MELBOURNE,VICTORIA,AU,68.0,3/31/2014,8,15773,5234.0,7935.0,40928,2013-10-31 00:00:00,153,60.4,339,0,0.6,15773,0,Oceania
14409,12390,2008-06-19 00:00:00,2010-03-28 00:00:00,Female,4,SYDNEY,NEW SOUTH WALES,AU,45.0,3/31/2014,3,8997,6100.0,2900.0,22783,2013-11-16 00:00:00,137,176.5,313,0,0.7,8997,0,Oceania
22441,12671,2008-09-05 00:00:00,2008-09-05 00:00:00,Male,4,SYDNEY,NEW SOUTH WALES,AU,48.0,3/31/2014,3,11779,10708.0,732.0,11594,2013-06-19 00:00:00,287,152.5,286,0,0.9,11779,0,Oceania
5962,12757,2008-11-21 00:00:00,2011-05-12 00:00:00,Female,4,MELBOURNE,VICTORIA,AU,28.0,3/31/2014,7,20478,14616.0,3300.0,40158,2014-01-19 00:00:00,73,106.5,556,0,0.8,20478,0,Oceania
10149,12852,2008-12-02 00:00:00,2008-12-02 00:00:00,Female,4,SYDNEY,NEW SOUTH WALES,AU,75.0,3/31/2014,7,12349,5928.0,5650.0,34135,2014-01-08 00:00:00,84,80.5,309,1,0.6,12349,1,Oceania
9448,12956,2008-12-27 00:00:00,2011-07-24 00:00:00,Male,4,SYDNEY,NEW SOUTH WALES,AU,57.0,3/31/2014,6,21984,13656.0,0.0,34322,2013-02-04 00:00:00,422,32.2,123,0,0.7,21984,0,Oceania
13651,12957,2008-01-22 00:00:00,2012-03-03 00:00:00,Female,4,SYDNEY,NEW SOUTH WALES,AU,27.0,3/31/2014,3,13497,6500.0,3300.0,22783,2014-02-15 00:00:00,46,224.5,429,0,0.8,13497,0,Oceania
17417,13219,2009-07-08 00:00:00,2010-04-21 00:00:00,Male,4,SYDNEY,NEW SOUTH WALES,AU,56.0,3/31/2014,11,8573,1508.0,9700.0,22902,2014-03-01 00:00:00,31,51.2,181,0,0.6,8783,1,Oceania
41395,13563,2010-03-02 00:00:00,2010-04-09 00:00:00,Male,4,SYDNEY,NEW SOUTH WALES,AU,39.0,3/31/2014,7,3856,1945.0,2402.0,6474,2013-12-25 00:00:00,98,61.3,199,0,0.7,3856,0,Oceania
32518,14444,2011-12-12 00:00:00,2012-01-28 00:00:00,Female,4,SYDNEY,NEW SOUTH WALES,AU,38.0,3/31/2014,2,7762,4057.0,0.0,8210,2012-07-06 00:00:00,635,0.0,0,0,0.8,7762,0,Oceania
7961,14487,2011-06-06 00:00:00,2011-08-23 00:00:00,Male,4,SYDNEY,NEW SOUTH WALES,AU,48.0,3/31/2014,5,14995,3100.0,10050.0,37920,2013-12-12 00:00:00,111,88.2,99,0,0.7,14995,0,Oceania
19388,14594,2012-09-08 00:00:00,2012-09-28 00:00:00,Female,4,SYDNEY,NEW SOUTH WALES,AU,52.0,3/31/2014,4,11486,7280.0,0.0,17979,2012-10-13 00:00:00,536,5.0,9,0,0.7,11486,0,Oceania
22849,14595,2011-07-11 00:00:00,2012-03-16 00:00:00,Male,4,SYDNEY,NEW SOUTH WALES,AU,55.0,3/31/2014,2,5998,4700.0,0.0,15199,2012-10-30 00:00:00,519,8.0,8,0,0.7,5998,0,Oceania
54118,14623,2012-08-22 00:00:00,2012-08-22 00:00:00,Male,4,GOLD COAST,QUEENSLAND,AU,37.0,3/31/2014,3,2267,890.0,510.0,2590,2014-03-05 00:00:00,27,280.5,340,0,0.8,2267,0,Oceania
12040,15231,2012-05-18 00:00:00,2012-05-18 00:00:00,Female,4,MELBOURNE,VICTORIA,AU,31.0,3/31/2014,4,22858,21024.0,0.0,17780,2012-05-27 00:00:00,675,3.0,5,0,1.1,22858,0,Oceania
11663,15604,2012-07-27 00:00:00,2012-07-27 00:00:00,Male,4,MELBOURNE,VICTORIA,AU,26.0,3/31/2014,6,19639,3505.0,8896.0,26939,2014-01-09 00:00:00,83,106.2,501,0,0.7,19639,0,Oceania
14479,15668,2012-05-03 00:00:00,2012-05-19 00:00:00,Male,4,SYDNEY,NEW SOUTH WALES,AU,38.0,3/31/2014,5,9549,7598.0,0.0,24309,2012-12-11 00:00:00,477,51.5,116,0,0.7,9549,0,Oceania
22290,15941,2013-03-16 00:00:00,2013-03-23 00:00:00,Female,4,MELBOURNE,VICTORIA,AU,17.0,3/31/2014,4,6430,2519.0,2969.0,16116,2013-04-19 00:00:00,348,9.0,26,0,0.7,6430,0,Oceania
15839,16202,2013-02-05 00:00:00,2013-02-11 00:00:00,Male,4,SYDNEY,NEW SOUTH WALES,AU,48.0,3/31/2014,7,15015,10333.0,3764.0,19341,2013-05-18 00:00:00,319,16.0,46,0,0.8,15015,0,Oceania
13080,16217,2013-01-13 00:00:00,2013-01-13 00:00:00,Female,4,SYDNEY,NEW SOUTH WALES,AU,29.0,3/31/2014,3,17997,6900.0,3100.0,22783,2013-09-03 00:00:00,211,116.5,204,1,0.8,17997,1,Oceania
9470,16441,2012-12-15 00:00:00,2012-12-15 00:00:00,Male,4,SYDNEY,NEW SOUTH WALES,AU,25.0,3/31/2014,4,21106,6900.0,5500.0,30416,2013-04-28 00:00:00,339,44.7,61,0,0.8,21106,0,Oceania
21084,18943,2006-08-04 00:00:00,2006-08-04 00:00:00,Female,4,SYDNEY,NEW SOUTH WALES,AU,30.0,3/31/2014,3,6200,3100.0,3319.0,15896,2013-09-06 00:00:00,208,87.0,174,0,0.7,6200,0,Oceania
522,19249,2007-03-01 00:00:00,2007-03-21 00:00:00,Male,4,SYDNEY,NEW SOUTH WALES,AU,40.0,3/31/2014,26,96979,36675.0,42833.0,103395,2014-03-19 00:00:00,13,28.2,101,4,0.9,111388,7,Oceania
113,19371,2007-05-31 00:00:00,2007-05-31 00:00:00,Male,5,SYDNEY,NEW SOUTH WALES,AU,53.0,3/31/2014,21,164969,69100.0,55700.0,159605,2014-03-18 00:00:00,14,32.4,80,7,0.9,174849,8,Oceania
1981,19396,2007-06-25 00:00:00,2007-06-25 00:00:00,Male,4,MELBOURNE,VICTORIA,AU,49.0,3/31/2014,15,40833,18803.0,9254.0,77784,2013-10-31 00:00:00,153,36.4,148,0,0.7,40833,0,Oceania
19922,19864,2012-06-22 00:00:00,2012-06-22 00:00:00,Male,4,SYDNEY,NEW SOUTH WALES,AU,54.0,3/31/2014,15,10533,4154.0,3889.0,15045,2013-11-22 00:00:00,131,37.0,166,0,0.8,10533,0,Oceania
30271,19882,2012-07-23 00:00:00,2012-07-30 00:00:00,Male,4,SYDNEY,NEW SOUTH WALES,AU,43.0,3/31/2014,8,6998,3329.0,3003.0,11264,2014-03-20 00:00:00,12,85.6,214,0,0.7,8498,1,Oceania
58989,19898,2012-08-02 00:00:00,2013-02-01 00:00:00,Male,4,PERTH,WESTERN AUSTRALIA,AU,51.0,3/31/2014,3,1700,1870.0,0.0,1454,2013-02-06 00:00:00,420,2.5,3,0,1.0,1700,0,Oceania
30629,20908,2008-11-12 00:00:00,2009-11-27 00:00:00,Female,4,SYDNEY,NEW SOUTH WALES,AU,27.0,3/31/2014,3,7903,4538.0,0.0,9040,2013-03-01 00:00:00,397,21.5,43,0,0.8,7903,0,Oceania
19855,21337,2008-05-20 00:00:00,2008-07-15 00:00:00,Female,4,SYDNEY,NEW SOUTH WALES,AU,56.0,3/31/2014,5,7575,6626.0,0.0,17775,2012-10-06 00:00:00,543,7.8,18,0,0.7,7575,0,Oceania
51213,21778,2008-10-21 00:00:00,2008-10-21 00:00:00,Female,4,MELBOURNE,AUSTARLIA,AU,46.0,3/31/2014,3,2150,900.0,0.0,4003,2012-09-25 00:00:00,554,87.0,172,1,0.6,2150,1,Oceania
57163,21981,2009-04-27 00:00:00,2010-09-09 00:00:00,Male,4,SYDNEY,NEW SOUTH WALES,AU,56.0,3/31/2014,3,1044,345.0,1326.0,3681,2014-01-15 00:00:00,77,194.0,265,0,0.5,1044,0,Oceania
24028,22070,2012-11-20 00:00:00,2012-11-20 00:00:00,Male,4,SYDNEY,NEW SOUTH WALES,AU,39.0,3/31/2014,2,11939,11950.0,0.0,9536,2012-12-15 00:00:00,473,25.0,25,0,1.0,11939,0,Oceania
52015,22249,2009-08-10 00:00:00,2009-08-10 00:00:00,Male,4,MELBOURNE,VICTORY,AU,54.0,3/31/2014,4,1969,3359.0,0.0,2984,2012-04-25 00:00:00,707,5.3,8,0,0.8,1969,0,Oceania
20774,22330,2010-07-04 00:00:00,2010-07-06 00:00:00,Male,4,MELBOURNE,VICTORIA,AU,27.0,3/31/2014,2,10553,6500.0,0.0,15208,2013-01-11 00:00:00,446,53.0,53,0,0.8,10553,0,Oceania
7741,22897,2010-10-31 00:00:00,2011-10-10 00:00:00,Male,4,SYDNEY,NEW SOUTH WALES,AU,69.0,3/31/2014,4,25494,18000.0,5650.0,30398,2013-11-23 00:00:00,130,130.0,243,0,0.9,25494,0,Oceania
48379,23036,2010-11-20 00:00:00,2010-11-20 00:00:00,Male,4,TAMUNING,TAMUNING,GU,70.0,3/31/2014,3,2576,0.0,4590.0,4631,2013-10-19 00:00:00,165,49.5,97,0,0.7,2576,0,Oceania
12779,23060,2010-12-24 00:00:00,2010-12-24 00:00:00,Male,4,SYDNEY,NEW SOUTH WALES,AU,48.0,3/31/2014,4,22226,1400.0,18510.0,19243,2013-07-03 00:00:00,273,36.0,98,0,0.9,22226,0,Oceania
35858,23691,2012-02-23 00:00:00,2012-04-27 00:00:00,Male,4,BRISBANE,QUEENSLAND,AU,75.0,3/31/2014,5,3222,3373.0,1000.0,8531,2013-11-03 00:00:00,150,138.8,225,0,0.7,3222,0,Oceania
14436,23863,2012-02-06 00:00:00,2012-03-30 00:00:00,Male,4,SYDNEY,NEW SOUTH WALES,AU,50.0,3/31/2014,7,10384,8248.0,0.0,27574,2012-07-28 00:00:00,613,19.0,80,0,0.6,10384,0,Oceania
7138,24012,2011-10-15 00:00:00,2011-10-15 00:00:00,Female,4,SYDNEY,NEW SOUTH WALES,AU,50.0,3/31/2014,5,19495,7000.0,6750.0,37982,2014-02-14 00:00:00,47,117.0,318,0,0.7,19495,0,Oceania
34177,24023,2011-04-29 00:00:00,2011-04-29 00:00:00,Female,4,AUCKLAND,AUCKLAND,NZ,46.0,3/31/2014,8,5630,5063.0,2140.0,7506,2013-10-22 00:00:00,162,77.4,182,0,0.8,5630,0,Oceania
9355,24191,2011-11-04 00:00:00,2011-11-04 00:00:00,Male,4,MELBOURNE,VICTORIA,AU,30.0,3/31/2014,8,17605,5258.0,7003.0,34237,2014-02-03 00:00:00,58,67.0,214,0,0.7,17605,0,Oceania
5813,24228,2012-03-12 00:00:00,2012-04-22 00:00:00,Male,4,SYDNEY,NEW SOUTH WALES,AU,54.0,3/31/2014,13,26499,10396.0,8368.0,44826,2013-12-03 00:00:00,120,49.2,178,1,0.7,26499,1,Oceania
9403,24526,2012-04-19 00:00:00,2012-05-06 00:00:00,Male,4,MELBOURNE,VICORIA,AU,46.0,3/31/2014,10,15136,10198.0,3905.0,30334,2014-02-22 00:00:00,39,73.0,158,0,0.8,15136,0,Oceania
33981,24626,2012-08-02 00:00:00,2012-08-02 00:00:00,Male,4,BRISBANE,QUEENSLAND,AU,57.0,3/31/2014,5,4595,2865.0,2760.0,6969,2014-03-06 00:00:00,26,145.5,380,0,0.9,4595,0,Oceania
22831,24942,2012-07-14 00:00:00,2012-07-14 00:00:00,Male,4,MELBOURNE,VICTORIA,AU,34.0,3/31/2014,2,6030,4700.0,0.0,15208,2012-08-03 00:00:00,607,20.0,20,0,0.7,6030,0,Oceania
56383,24964,2012-09-20 00:00:00,2012-09-20 00:00:00,Male,4,SYDNEY,NEW SOUTH WALES,AU,56.0,3/31/2014,2,728,1986.0,0.0,2404,2012-09-25 00:00:00,554,5.0,5,0,0.8,728,0,Oceania
9239,25054,2012-10-11 00:00:00,2012-10-11 00:00:00,Female,4,SYDNEY,NEW SOUTH WALES,AU,48.0,3/31/2014,5,21106,3100.0,10350.0,31167,2014-02-10 00:00:00,51,121.8,283,0,0.7,21106,0,Oceania
980,25211,2012-09-08 00:00:00,2012-09-08 00:00:00,Male,4,MELBOURNE,VICTORIA,AU,47.0,3/31/2014,12,73870,12900.0,42200.0,86872,2014-03-13 00:00:00,19,50.2,111,0,0.8,78390,0,Oceania
32477,25304,2012-12-21 00:00:00,2013-01-02 00:00:00,Female,4,SYDNEY,NEW SOUTH WALES,AU,43.0,3/31/2014,2,8262,4010.0,0.0,9551,2013-01-10 00:00:00,447,8.0,8,0,0.7,8262,0,Oceania
9951,25341,2012-12-21 00:00:00,2013-01-30 00:00:00,Female,4,MELBOURNE,VICTORIA,AU,50.0,3/31/2014,5,17083,4480.0,8000.0,31011,2014-01-31 00:00:00,61,91.5,240,1,0.7,17083,1,Oceania
33636,25498,2013-03-05 00:00:00,2013-06-01 00:00:00,Female,4,SYDNEY,NEW SOUTH WALES,AU,28.0,3/31/2014,2,3762,0.0,3610.0,9582,2013-06-01 00:00:00,305,0.0,0,0,0.7,3762,0,Oceania
41602,26541,2011-09-27 00:00:00,2011-09-30 00:00:00,Female,4,SYDNEY,NEW SOUTH WALES,AU,42.0,3/31/2014,2,2314,3335.0,0.0,6678,2012-09-04 00:00:00,575,80.0,80,0,0.6,2314,0,Oceania
61439,28187,2007-04-04 00:00:00,2007-04-04 00:00:00,Male,4,MELBOURNE,VICTORIA,AU,35.0,3/31/2014,2,1000,0.0,1214.0,1158,2013-11-19 00:00:00,134,42.0,42,2,0.9,11500,3,Oceania
4227,28205,2007-05-20 00:00:00,2007-06-28 00:00:00,Male,4,SYDNEY,NEW SOUTH WALES,AU,57.0,3/31/2014,12,28753,11420.0,10724.0,56019,2013-12-25 00:00:00,98,57.5,267,3,0.7,28753,3,Oceania
4175,28210,2007-04-17 00:00:00,2007-04-30 00:00:00,Male,4,MELBOURNE,VICTORIA,AU,49.0,3/31/2014,9,37129,66634.0,0.0,37584,2013-03-03 00:00:00,395,28.4,101,0,1.0,37129,0,Oceania
10841,28256,2007-06-17 00:00:00,2007-08-19 00:00:00,Male,4,SYDNEY,NEW SOUTH WALES,AU,50.0,3/31/2014,4,16496,0.0,10900.0,30336,2014-03-17 00:00:00,15,105.7,174,0,0.7,16496,0,Oceania
10302,28316,2008-01-17 00:00:00,2008-01-17 00:00:00,Male,4,SYDNEY,NEW SOUTH WALES,AU,45.0,3/31/2014,13,14989,7840.0,5925.0,36855,2013-10-19 00:00:00,165,46.2,180,0,0.6,16642,3,Oceania
12449,28875,2012-11-26 00:00:00,2012-12-04 00:00:00,Male,4,SYDNEY,NEW SOUTH WALES,AU,29.0,3/31/2014,6,18825,7398.0,3349.0,25103,2013-04-24 00:00:00,343,28.2,84,0,0.7,18825,0,Oceania
36985,28906,2012-12-27 00:00:00,2013-05-11 00:00:00,Female,4,SYDNEY,NEW SOUTH WALES,AU,33.0,3/31/2014,3,4031,0.0,3010.0,10334,2013-05-21 00:00:00,316,5.0,10,0,0.5,4031,0,Oceania
26078,29479,2007-06-20 00:00:00,2007-11-23 00:00:00,Male,4,SYDNEY,NEW SOUTH WALES,AU,58.0,3/31/2014,4,6698,2107.0,2535.0,16320,2013-07-10 00:00:00,266,154.3,434,0,0.6,6698,0,Oceania
1046,29499,2007-09-12 00:00:00,2007-09-12 00:00:00,Male,4,SYDNEY,NEW SOUTH WALES,AU,59.0,3/31/2014,19,78112,65486.0,11508.0,67361,2014-02-23 00:00:00,38,38.4,133,0,1.0,78112,0,Oceania
31993,29510,2008-01-12 00:00:00,2008-01-23 00:00:00,Male,4,SYDNEY,NEW SOUTH WALES,AU,47.0,3/31/2014,5,6378,5640.0,1185.0,4735,2013-04-27 00:00:00,340,64.5,245,0,1.4,9578,4,Oceania
1470,29795,2008-02-25 00:00:00,2008-03-14 00:00:00,Male,4,SYDNEY,NEW SOUTH WALES,AU,62.0,3/31/2014,11,59445,27068.0,24000.0,70903,2013-12-02 00:00:00,121,55.9,181,0,0.8,59445,0,Oceania
40565,29801,2010-06-04 00:00:00,2010-06-24 00:00:00,Female,4,MELBOURNE,VICTORIA,AU,38.0,3/31/2014,4,3052,3910.0,0.0,7868,2012-11-13 00:00:00,505,16.0,28,0,0.6,3052,0,Oceania
20217,29838,2008-02-04 00:00:00,2008-05-04 00:00:00,Male,4,SYDNEY,NEW SOUTH WALES,AU,51.0,3/31/2014,6,8989,0.0,7064.0,23697,2014-03-20 00:00:00,12,45.0,81,1,0.5,8989,1,Oceania
13472,29844,2007-12-20 00:00:00,2007-12-20 00:00:00,Female,4,SYDNEY,NEW SOUTH WALES,AU,51.0,3/31/2014,3,13497,6250.0,3100.0,22752,2013-09-14 00:00:00,200,245.0,275,0,0.8,13497,0,Oceania
22851,29954,2009-11-27 00:00:00,2009-11-27 00:00:00,Male,4,SYDNEY,NEW SOUTH WALES,AU,45.0,3/31/2014,2,5998,4700.0,0.0,15199,2012-07-25 00:00:00,616,14.0,14,0,0.7,5998,0,Oceania
13680,29958,2008-11-07 00:00:00,2008-11-07 00:00:00,Male,4,SYDNEY,NEW SOUTH WALES,AU,47.0,3/31/2014,3,17997,3850.0,6200.0,22752,2014-02-03 00:00:00,58,178.0,240,0,0.8,17997,0,Oceania
20718,29967,2008-08-11 00:00:00,2008-08-11 00:00:00,Female,4,SYDNEY,NEW SOUTH WALES,AU,66.0,3/31/2014,5,7524,5720.0,0.0,20322,2012-12-01 00:00:00,487,21.8,43,1,0.6,7524,1,Oceania
37229,30144,2008-09-14 00:00:00,2014-01-30 00:00:00,Female,4,SYDNEY,NEW SOUTH WALES,AU,39.0,3/31/2014,2,3499,0.0,3048.0,8210,2014-01-30 00:00:00,62,0.0,0,0,0.6,3499,0,Oceania
36572,30407,2008-08-21 00:00:00,2009-11-23 00:00:00,Male,4,SYDNEY,NEW SOUTH WALES,AU,30.0,3/31/2014,5,4401,0.0,3435.0,9316,2014-02-13 00:00:00,48,25.5,65,0,0.6,4401,0,Oceania
19308,30438,2008-08-19 00:00:00,2008-10-20 00:00:00,Female,4,THIRROUL,NEW SOUTH WALES,AU,75.0,3/31/2014,3,7085,4360.0,3100.0,16454,2013-04-20 00:00:00,347,185.5,357,0,0.8,7085,0,Oceania
58227,30631,2008-09-14 00:00:00,2008-09-14 00:00:00,Male,4,SYDNEY,NEW SOUTH WALES,AU,40.0,3/31/2014,2,1199,1364.0,0.0,3087,2012-09-29 00:00:00,550,91.0,91,0,0.5,1199,0,Oceania
17028,30682,2008-09-15 00:00:00,2008-09-15 00:00:00,Female,4,SYDNEY,NEW SOUTH WALES,AU,43.0,3/31/2014,5,9409,2400.0,4746.0,23886,2014-03-25 00:00:00,7,175.5,415,0,0.6,9409,0,Oceania
29440,31504,2010-08-04 00:00:00,2011-08-06 00:00:00,Female,4,SYDNEY,NEW SOUTH WALES,AU,27.0,3/31/2014,6,4497,2400.0,2443.0,12390,2014-01-18 00:00:00,74,100.8,385,0,0.6,4497,0,Oceania
825,31527,2010-05-25 00:00:00,2010-05-25 00:00:00,Male,4,HOBART,TASMANIA,AU,70.0,3/31/2014,18,87795,88051.0,0.0,70739,2013-03-22 00:00:00,376,20.0,64,0,1.1,87795,0,Oceania
12140,31560,2010-05-27 00:00:00,2010-08-01 00:00:00,Female,5,AUSTRALIA,NEW SOUTH WALES,AU,44.0,3/31/2014,6,19312,0.0,12021.0,26307,2014-03-24 00:00:00,8,14.2,52,0,0.7,19312,0,Oceania
7742,31768,2010-10-31 00:00:00,2011-10-10 00:00:00,Female,4,SYDNEY,NEW SOUTH WALES,AU,67.0,3/31/2014,4,25494,18000.0,5650.0,30398,2013-11-23 00:00:00,130,130.0,243,0,0.9,25494,0,Oceania
16617,31775,2011-07-18 00:00:00,2011-07-18 00:00:00,Female,4,SYDNEY,NEW SOUTH WALES,AU,27.0,3/31/2014,5,12176,8450.0,690.0,18639,2013-05-16 00:00:00,321,87.8,190,0,0.8,12176,0,Oceania
51844,32230,2011-05-18 00:00:00,2011-05-18 00:00:00,Male,4,SYDNEY,NEW SOUTH WALES,AU,62.0,3/31/2014,2,2386,1280.0,663.0,3264,2013-08-13 00:00:00,232,225.0,225,0,0.8,2386,0,Oceania
1238,32390,2011-07-30 00:00:00,2012-01-15 00:00:00,Male,5,SYDNEY,NEW SOUTH WALES,AU,57.0,3/31/2014,18,55154,16610.0,19879.0,94550,2014-03-13 00:00:00,19,34.8,120,0,0.7,55154,0,Oceania
13284,32494,2011-08-07 00:00:00,2011-12-12 00:00:00,Male,4,SYDNEY,NEW SOUTH WALES,AU,55.0,3/31/2014,5,10795,2400.0,7149.0,27584,2013-11-27 00:00:00,126,89.2,323,0,0.6,10795,0,Oceania
1508,32521,2011-03-09 00:00:00,2011-07-03 00:00:00,Female,4,SYDNEY,NEW SOUTH WALES,AU,40.0,3/31/2014,10,39739,22150.0,12600.0,75964,2014-02-04 00:00:00,57,73.4,368,0,0.8,39739,0,Oceania
8922,32678,2011-08-01 00:00:00,2011-09-23 00:00:00,Female,4,SYDNEY,NEW SOUTH WALES,AU,56.0,3/31/2014,13,19378,11264.0,7801.0,32748,2014-03-24 00:00:00,8,60.2,200,0,0.7,19378,0,Oceania
22032,32920,2011-10-13 00:00:00,2011-10-13 00:00:00,Male,4,SYDNEY,NEW SOUTH WALES,AU,36.0,3/31/2014,3,6509,5084.0,0.0,16516,2012-11-04 00:00:00,514,10.0,16,0,0.7,6509,0,Oceania
18043,32950,2012-01-15 00:00:00,2012-01-15 00:00:00,Male,4,SYDNEY,NEW SOUTH WALES,AU,21.0,3/31/2014,3,11115,8100.0,0.0,17080,2012-12-05 00:00:00,483,9.0,10,0,0.8,11115,0,Oceania
6258,33507,2012-04-30 00:00:00,2012-04-30 00:00:00,Male,4,SYDNEY,NEW SOUTH WALES,AU,49.0,3/31/2014,12,21946,7368.0,11835.0,43937,2014-02-24 00:00:00,37,60.5,305,0,0.7,21946,0,Oceania
15263,33889,2013-03-30 00:00:00,2013-04-11 00:00:00,Female,4,SYDNEY,VICTORIA,AU,59.0,3/31/2014,7,9727,0.0,8065.0,27328,2013-09-27 00:00:00,187,28.2,152,0,0.6,9727,0,Oceania
22799,34500,2013-03-16 00:00:00,2013-03-16 00:00:00,Male,4,SYDNEY,NEW SOUTH WALES,AU,42.0,3/31/2014,2,5998,2300.0,2750.0,15230,2013-05-03 00:00:00,334,48.0,48,0,0.7,5998,0,Oceania
31039,36950,2006-12-03 00:00:00,2007-04-13 00:00:00,Male,4,BRISBANE,QUEENSLAND,AU,47.0,3/31/2014,5,5780,3780.0,1615.0,9171,2013-09-02 00:00:00,212,108.5,309,0,0.8,5780,0,Oceania
6170,37125,2007-04-01 00:00:00,2007-04-01 00:00:00,Male,4,SYDNEY,NEW SOUTH WALES,AU,49.0,3/31/2014,6,19588,10580.0,5000.0,50670,2013-11-22 00:00:00,131,85.4,396,0,0.6,19588,0,Oceania
18693,37238,2007-07-24 00:00:00,2007-07-26 00:00:00,Male,4,MELBOURNE,VICTORIA,AU,54.0,3/31/2014,3,11751,7430.0,0.0,16516,2012-07-13 00:00:00,628,47.0,88,0,0.8,11751,0,Oceania
22084,37528,2011-01-30 00:00:00,2012-04-14 00:00:00,Male,4,SYDNEY,NEW SOUTH WALES,AU,48.0,3/31/2014,2,5998,5400.0,0.0,15199,2012-05-05 00:00:00,697,21.0,21,0,0.7,5998,0,Oceania
23304,37569,2011-08-01 00:00:00,2013-04-06 00:00:00,Female,4,SYDNEY,NEW SOUTH WALES,AU,30.0,3/31/2014,2,5998,0.0,5650.0,15168,2014-01-10 00:00:00,82,279.0,279,0,0.7,5998,0,Oceania
14464,37864,2012-11-29 00:00:00,2013-01-14 00:00:00,Female,4,SYDNEY,NEW SOUTH WALES,AU,48.0,3/31/2014,3,19825,9000.0,7030.0,16041,2014-01-13 00:00:00,79,182.0,355,0,1.0,19825,0,Oceania
54069,38435,2007-05-16 00:00:00,2007-05-16 00:00:00,Female,4,SYDNEY,NEW SOUTH WALES,AU,37.0,3/31/2014,2,2408,2360.0,0.0,2151,2012-10-30 00:00:00,519,153.0,153,1,1.0,2408,1,Oceania
22521,38441,2007-05-23 00:00:00,2013-06-11 00:00:00,Male,4,SYDNEY,NEW SOUTH WALES,AU,49.0,3/31/2014,3,6761,0.0,5616.0,17135,2014-01-07 00:00:00,85,105.0,122,0,0.6,6761,0,Oceania
4809,38563,2007-06-25 00:00:00,2007-07-21 00:00:00,Male,4,SYDNEY,NEW SOUTH WALES,AU,50.0,3/31/2014,16,25684,13286.0,9691.0,52026,2013-12-20 00:00:00,103,37.3,198,0,0.7,25684,0,Oceania
22853,38814,2008-01-26 00:00:00,2008-01-26 00:00:00,Male,4,SYDNEY,NEW SOUTH WALES,AU,73.0,3/31/2014,2,5998,4700.0,0.0,15199,2012-09-08 00:00:00,571,17.0,17,0,0.7,5998,0,Oceania
53688,38847,2008-06-09 00:00:00,2008-09-20 00:00:00,Male,4,SYDNEY,NEW SOUTH WALES,AU,63.0,3/31/2014,4,1392,2405.0,0.0,3896,2013-01-14 00:00:00,443,83.0,174,0,0.6,1392,0,Oceania
9037,38961,2008-01-19 00:00:00,2008-06-20 00:00:00,Male,4,SYDNEY,NEW SOUTH WALES,AU,45.0,3/31/2014,8,17454,10718.0,2400.0,35610,2013-05-26 00:00:00,311,55.7,138,0,0.7,17454,0,Oceania
15139,38967,2011-11-27 00:00:00,2011-11-27 00:00:00,Female,4,MELBOURNE,VICTORIA,AU,44.0,3/31/2014,3,9045,6100.0,2200.0,22814,2013-06-02 00:00:00,304,172.5,259,0,0.7,10545,1,Oceania
19712,39717,2008-10-01 00:00:00,2012-09-21 00:00:00,Male,4,MELBOURNE,VICTORIA,AU,48.0,3/31/2014,4,7264,7054.0,0.0,18516,2012-10-28 00:00:00,521,12.3,31,0,0.7,7264,0,Oceania
21168,39829,2008-12-05 00:00:00,2010-02-15 00:00:00,Male,4,SYDNEY,NEW SOUTH WALES,AU,76.0,3/31/2014,3,6909,0.0,6909.0,17871,2014-03-15 00:00:00,17,10.5,21,0,0.6,6909,0,Oceania
2236,39972,2009-01-06 00:00:00,2009-08-28 00:00:00,Male,4,SYDNEY,NEW SOUTH WALES,AU,48.0,3/31/2014,14,40925,17469.0,11585.0,67744,2014-01-23 00:00:00,69,46.7,194,0,0.7,40925,0,Oceania
9281,40131,2009-04-19 00:00:00,2009-11-04 00:00:00,Male,4,MELBOURNE,VICTORIA,AU,73.0,3/31/2014,4,21106,6500.0,6800.0,30416,2014-01-07 00:00:00,85,203.7,246,0,0.8,21106,0,Oceania
570,40135,2009-03-17 00:00:00,2009-03-31 00:00:00,Male,4,SYDNEY,NEW SOUTH WALES,AU,54.0,3/31/2014,36,62317,36079.0,21282.0,118329,2013-12-30 00:00:00,93,18.1,85,3,0.7,62317,3,Oceania
3154,40174,2010-04-19 00:00:00,2010-04-19 00:00:00,Male,4,SYDNEY,NEW SOUTH WALES,AU,56.0,3/31/2014,9,28492,8675.0,14150.0,61251,2014-02-13 00:00:00,48,75.8,192,0,0.7,28492,0,Oceania
5635,40258,2009-07-22 00:00:00,2010-01-25 00:00:00,Male,4,SYDNEY,NEW SOUTH WALES,AU,34.0,3/31/2014,6,22494,9300.0,7900.0,45504,2014-03-31 00:00:00,1,132.6,294,0,0.7,22494,0,Oceania
24543,41570,2012-09-15 00:00:00,2012-09-15 00:00:00,Female,4,SYDNEY,NEW SOUTH WALES,AU,58.0,3/31/2014,7,5998,2225.0,3226.0,19797,2014-02-28 00:00:00,32,88.7,358,0,0.5,5998,0,Oceania
15972,41571,2011-06-12 00:00:00,2011-06-22 00:00:00,Male,4,NEWCASTLE,NEW SOUTH WALES,AU,62.0,3/31/2014,7,17133,7000.0,3103.0,20221,2014-01-07 00:00:00,85,105.7,440,0,0.7,17133,0,Oceania
6815,41572,2011-09-29 00:00:00,2011-10-14 00:00:00,Male,4,SYDNEY,NEW SOUTH WALES,AU,39.0,3/31/2014,6,21403,8900.0,6309.0,39918,2014-03-22 00:00:00,10,112.8,188,0,0.7,21403,0,Oceania
35195,41574,2011-12-12 00:00:00,2011-12-12 00:00:00,Female,4,SYDNEY,NEW SOUTH WALES,AU,32.0,3/31/2014,14,10122,8516.0,2710.0,6852,2014-02-15 00:00:00,46,50.4,177,0,0.9,10122,0,Oceania
24293,41585,2011-12-26 00:00:00,2012-01-12 00:00:00,Male,4,MELBOURNE,VICTORIA,AU,35.0,3/31/2014,2,6030,0.0,4800.0,15208,2013-06-27 00:00:00,279,31.0,31,0,0.6,6030,0,Oceania
20573,41607,2011-07-26 00:00:00,2011-07-27 00:00:00,Male,4,SYDNEY,NEW SOUTH WALES,AU,32.0,3/31/2014,2,14998,3500.0,3600.0,15168,2014-02-28 00:00:00,32,419.0,419,0,0.8,14998,0,Oceania
13158,41823,2012-02-04 00:00:00,2012-11-17 00:00:00,Male,4,SYDNEY,NEW SOUTH WALES,AU,37.0,3/31/2014,4,21182,20070.0,0.0,16407,2013-02-24 00:00:00,402,33.0,92,0,1.1,21182,0,Oceania
19290,41923,2012-10-13 00:00:00,2012-10-13 00:00:00,Male,5,SYDNEY,NEW SOUTH WALES,AU,61.0,3/31/2014,10,11557,2355.0,9869.0,8903,2013-10-31 00:00:00,153,42.6,206,0,1.4,11557,0,Oceania
19160,41933,2012-03-02 00:00:00,2012-03-02 00:00:00,Female,4,SYDNEY,NEW SOUTH WALES,AU,36.0,3/31/2014,6,7690,7257.0,0.0,18467,2013-01-05 00:00:00,452,34.6,145,0,0.7,9190,1,Oceania
18786,42145,2011-11-25 00:00:00,2011-12-02 00:00:00,Female,4,SYDNEY,NEW SOUTH WALES,AU,51.0,3/31/2014,6,8448,0.0,8120.0,19265,2013-08-10 00:00:00,235,18.0,74,0,0.7,8448,0,Oceania
5068,42224,2012-01-17 00:00:00,2012-03-24 00:00:00,Male,4,PERTH,NEW SOUTH WALES,AU,43.0,3/31/2014,11,24414,9190.0,9110.0,50905,2014-02-28 00:00:00,32,64.0,184,0,0.7,24414,0,Oceania
18055,42950,2012-10-08 00:00:00,2012-10-10 00:00:00,Male,4,SYDNEY,NEW SOUTH WALES,AU,38.0,3/31/2014,7,8740,5444.0,3029.0,19540,2013-04-10 00:00:00,357,30.3,89,0,0.7,8740,0,Oceania
25552,43021,2012-09-02 00:00:00,2012-09-02 00:00:00,Female,4,SYDNEY,NEW SOUTH WALES,AU,64.0,3/31/2014,5,6498,4240.0,0.0,17840,2012-09-15 00:00:00,564,3.2,8,0,0.5,6754,1,Oceania
25433,43044,2012-11-04 00:00:00,2012-11-04 00:00:00,Female,4,SYDNEY,NEW SOUTH WALES,AU,54.0,3/31/2014,4,5998,4556.0,0.0,19066,2012-11-18 00:00:00,500,4.7,12,0,0.5,5998,0,Oceania
4903,43111,2012-11-08 00:00:00,2013-03-20 00:00:00,Male,5,SYDNEY,NEW SOUTH WALES,AU,62.0,3/31/2014,8,31694,2619.0,17195.0,47674,2014-03-20 00:00:00,12,52.3,160,0,0.7,31694,0,Oceania
20773,43177,2012-12-01 00:00:00,2012-12-01 00:00:00,Female,4,MELBOURNE,VICTORIA,AU,29.0,3/31/2014,2,10553,6500.0,0.0,15208,2013-02-07 00:00:00,419,68.0,68,0,0.8,10553,0,Oceania
10971,43203,2012-11-30 00:00:00,2012-11-30 00:00:00,Male,4,SYDNEY,NEW SOUTH WALES,AU,39.0,3/31/2014,4,24926,21885.0,0.0,19243,2012-12-09 00:00:00,479,3.0,5,0,1.1,25814,1,Oceania
10639,43237,2012-11-30 00:00:00,2012-11-30 00:00:00,Female,4,SYDNEY,NEW SOUTH WALES,AU,27.0,3/31/2014,4,24926,22310.0,0.0,19243,2012-12-09 00:00:00,479,3.0,5,0,1.1,25814,1,Oceania
5474,43374,2012-12-28 00:00:00,2012-12-28 00:00:00,Male,4,SYDNEY,VICTORIA,AU,57.0,3/31/2014,7,31652,4400.0,36554.0,34683,2014-03-23 00:00:00,9,75.2,342,0,0.9,31652,0,Oceania
32045,43545,2013-03-29 00:00:00,2013-04-09 00:00:00,Female,4,AUSTRALIA,NEW SOUTH WALES,AU,47.0,3/31/2014,2,3859,0.0,4480.0,8695,2013-04-21 00:00:00,346,12.0,12,0,0.8,3859,0,Oceania
32139,46075,2007-01-06 00:00:00,2007-03-23 00:00:00,Male,4,MELBOURNE,VICTORIA,AU,33.0,3/31/2014,2,7538,4165.0,0.0,8801,2012-06-24 00:00:00,647,2.0,2,0,0.8,7538,0,Oceania
21818,46116,2007-02-14 00:00:00,2007-07-09 00:00:00,Female,4,MELBOURNE,VICTORIA,AU,33.0,3/31/2014,4,6656,5258.0,0.0,16945,2012-11-26 00:00:00,492,7.3,22,0,0.7,6656,0,Oceania
46648,46305,2007-08-30 00:00:00,2014-01-28 00:00:00,Female,4,SYDNEY,NEW SOUTH WALES,AU,36.0,3/31/2014,2,2048,0.0,2160.0,5786,2014-02-01 00:00:00,60,4.0,4,0,0.6,2048,0,Oceania
37825,46379,2009-02-25 00:00:00,2014-01-25 00:00:00,Male,4,SYDNEY,NEW SOUTH WALES,AU,26.0,3/31/2014,2,3275,0.0,2898.0,8378,2014-01-26 00:00:00,66,1.0,1,0,0.6,3275,0,Oceania
19250,46437,2009-12-03 00:00:00,2009-12-03 00:00:00,Male,4,SYDNEY,NEW SOUTH WALES,AU,70.0,3/31/2014,2,15076,3850.0,4000.0,15212,2014-02-10 00:00:00,51,386.0,386,0,0.8,15076,0,Oceania
3243,46463,2009-10-09 00:00:00,2009-10-09 00:00:00,Female,4,SYDNEY,NEW SOUTH WALES,AU,47.0,3/31/2014,10,50028,28817.0,13995.0,47550,2014-03-30 00:00:00,2,79.4,347,1,0.9,50028,1,Oceania
22139,46592,2011-05-25 00:00:00,2012-09-09 00:00:00,Female,4,SYDNEY,NEW SOUTH WALES,AU,31.0,3/31/2014,2,5998,5500.0,0.0,15168,2013-03-19 00:00:00,379,191.0,191,0,0.7,5998,0,Oceania
21782,46905,2012-10-05 00:00:00,2014-02-03 00:00:00,Female,4,SYDNEY,NEW SOUTH WALES,AU,28.0,3/31/2014,4,10910,0.0,6734.0,16333,2014-02-21 00:00:00,40,6.0,17,0,0.7,10910,0,Oceania
20382,46959,2012-12-22 00:00:00,2013-02-10 00:00:00,Female,4,SYDNEY,NEW SOUTH WALES,AU,30.0,3/31/2014,4,7536,5930.0,0.0,19769,2013-03-10 00:00:00,388,9.3,11,0,0.6,7536,0,Oceania
49068,47621,2007-10-20 00:00:00,2008-12-01 00:00:00,Female,4,SYDNEY,NEW SOUTH WALES,AU,27.0,3/31/2014,4,1176,0.0,1277.0,6671,2013-12-13 00:00:00,110,5.0,9,0,0.4,1176,0,Oceania
9471,47748,2008-02-11 00:00:00,2008-02-11 00:00:00,Female,4,MELBOURNE,VICTORIA,AU,38.0,3/31/2014,4,16583,7700.0,3850.0,30412,2013-06-21 00:00:00,285,143.7,329,0,0.7,16583,0,Oceania
24113,47847,2010-10-31 00:00:00,2010-10-31 00:00:00,Female,4,SYDNEY,VICTORIA,AU,40.0,3/31/2014,4,7266,0.0,5349.0,17471,2013-09-26 00:00:00,188,4.3,10,0,0.6,7266,0,Oceania
4354,47853,2008-10-25 00:00:00,2008-11-03 00:00:00,Male,4,MELBOURNE,VICTORIA,AU,46.0,3/31/2014,9,26601,14352.0,5109.0,49882,2014-02-10 00:00:00,51,78.2,410,0,0.7,26601,0,Oceania
18713,47860,2007-12-23 00:00:00,2007-12-30 00:00:00,Female,4,SYDNEY,NEW SOUTH WALES,AU,55.0,3/31/2014,5,7675,0.0,8572.0,19652,2014-01-20 00:00:00,72,8.2,14,0,0.7,7675,0,Oceania
14591,47869,2008-03-03 00:00:00,2008-03-03 00:00:00,Male,4,SYDNEY,NEW SOUTH WALES,AU,63.0,3/31/2014,3,8997,4800.0,3100.0,22752,2013-09-20 00:00:00,194,154.0,175,0,0.7,8997,0,Oceania
8304,47903,2007-11-22 00:00:00,2008-02-19 00:00:00,Male,4,CENTRAL COAST,NEW SOUTH WALES,AU,63.0,3/31/2014,5,30533,18957.0,6500.0,26272,2014-01-12 00:00:00,80,157.0,384,0,0.9,30533,0,Oceania
18885,47906,2007-11-19 00:00:00,2007-11-19 00:00:00,Female,4,MELBOURNE,VICTORIA,AU,54.0,3/31/2014,4,8688,6404.0,0.0,22880,2012-09-02 00:00:00,577,7.3,21,0,0.6,8688,0,Oceania
69,47919,2008-12-14 00:00:00,2010-05-20 00:00:00,Female,6,MELBOURNE,VICTORIA,AU,43.0,3/31/2014,30,198230,80383.0,91978.0,184194,2014-03-25 00:00:00,7,24.4,92,3,0.9,212047,3,Oceania
2972,47998,2008-10-24 00:00:00,2008-10-24 00:00:00,Male,4,SYDNEY,NEW SOUTH WALES,AU,52.0,3/31/2014,20,39506,9520.0,17065.0,65951,2014-01-06 00:00:00,86,32.4,177,0,0.7,39506,0,Oceania
14798,48018,2009-03-03 00:00:00,2009-03-21 00:00:00,Male,4,MELBOURNE,VICTORIA,AU,78.0,3/31/2014,3,9045,2300.0,6050.0,22814,2014-02-10 00:00:00,51,186.5,284,0,0.7,9045,0,Oceania
20823,48057,2008-03-08 00:00:00,2012-04-03 00:00:00,Male,4,SYDNEY,NEW SOUTH WALES,AU,46.0,3/31/2014,2,10498,6600.0,0.0,15168,2012-06-19 00:00:00,652,77.0,77,0,0.8,10498,0,Oceania
3634,48121,2008-04-10 00:00:00,2008-04-10 00:00:00,Male,4,SYDNEY,NEW SOUTH WALES,AU,52.0,3/31/2014,15,26276,7548.0,14382.0,63680,2014-03-18 00:00:00,14,49.3,280,2,0.6,26276,2,Oceania
4212,48323,2008-04-28 00:00:00,2008-04-28 00:00:00,Male,6,SYDNEY,NEW SOUTH WALES,AU,49.0,3/31/2014,11,43319,20574.0,16089.0,45578,2014-02-21 00:00:00,40,62.9,224,0,0.8,43319,0,Oceania
10424,48446,2008-06-23 00:00:00,2010-05-07 00:00:00,Female,4,WOLLONGONG,NEW SOUTH WALES,AU,39.0,3/31/2014,4,16496,6250.0,5000.0,30367,2013-11-19 00:00:00,134,147.0,257,0,0.7,16496,0,Oceania
13297,48821,2010-08-24 00:00:00,2011-02-04 00:00:00,Male,4,SYDNEY,NEW SOUTH WALES,AU,34.0,3/31/2014,4,21554,12426.0,0.0,19146,2012-09-01 00:00:00,578,23.0,69,0,0.9,21554,0,Oceania
47686,49237,2009-12-25 00:00:00,2009-12-25 00:00:00,Male,4,ADELAIDE,SOUTH AUSTRALIA,AU,60.0,3/31/2014,2,3512,3346.0,0.0,2151,2012-04-14 00:00:00,718,1.0,1,0,1.5,3512,0,Oceania
7379,50090,2011-02-26 00:00:00,2011-02-26 00:00:00,Male,4,SYDNEY,NEW SOUTH WALES,AU,50.0,3/31/2014,15,20980,13924.0,6061.0,37369,2014-02-12 00:00:00,49,46.5,146,1,0.7,20980,1,Oceania
7371,50141,2011-01-01 00:00:00,2011-03-15 00:00:00,Male,4,BRISBANE,QUEENSLAND,AU,39.0,3/31/2014,27,21822,12669.0,9370.0,39873,2014-03-22 00:00:00,10,27.6,107,0,0.7,21822,0,Oceania
23175,50301,2011-07-26 00:00:00,2011-07-30 00:00:00,Female,4,SYDNEY,NEW SOUTH WALES,AU,30.0,3/31/2014,2,5998,3100.0,2500.0,15168,2013-12-08 00:00:00,115,266.0,266,0,0.7,5998,0,Oceania
25414,50316,2011-11-04 00:00:00,2011-11-04 00:00:00,Male,4,SYDNEY,NEW SOUTH WALES,AU,60.0,3/31/2014,5,10974,4460.0,2440.0,11488,2013-12-15 00:00:00,108,135.0,256,0,0.8,10974,0,Oceania
55075,50513,2011-12-24 00:00:00,2014-01-23 00:00:00,Female,4,SYDNEY,NEW SOUTH WALES,AU,24.0,3/31/2014,2,2068,0.0,2112.0,2373,2014-02-16 00:00:00,45,24.0,24,0,0.8,2068,0,Oceania
13829,50588,2011-05-11 00:00:00,2011-05-13 00:00:00,Male,4,SYDNEY,NEW SOUTH WALES,AU,56.0,3/31/2014,3,13497,5500.0,3500.0,22752,2013-04-14 00:00:00,353,144.0,151,0,0.8,13497,0,Oceania
20824,50627,2011-08-24 00:00:00,2012-10-23 00:00:00,Female,4,SYDNEY,NEW SOUTH WALES,AU,45.0,3/31/2014,2,10498,6600.0,0.0,15168,2013-01-21 00:00:00,436,90.0,90,0,0.8,10498,0,Oceania
8939,50967,2011-10-17 00:00:00,2011-10-17 00:00:00,Female,4,SYDNEY,NEW SOUTH WALES,AU,49.0,3/31/2014,11,24710,10484.0,5957.0,31710,2014-03-25 00:00:00,7,55.1,204,0,0.7,24710,0,Oceania
10492,51167,2011-10-29 00:00:00,2011-10-29 00:00:00,Male,4,SYDNEY,NEW SOUTH WALES,AU,44.0,3/31/2014,7,17460,6743.0,5279.0,29930,2014-03-28 00:00:00,4,116.7,362,0,0.7,17460,0,Oceania
19984,51390,2012-07-27 00:00:00,2012-07-27 00:00:00,Male,4,MELBOURNE,VICTORIA,AU,37.0,3/31/2014,4,11518,6713.0,0.0,17952,2012-10-28 00:00:00,521,31.0,93,0,0.7,11518,0,Oceania
62910,51749,2012-06-12 00:00:00,2012-06-12 00:00:00,Male,4,GEELONG,VICTORIA,AU,20.0,3/31/2014,2,532,438.0,0.0,1312,2012-06-28 00:00:00,643,16.0,16,0,0.3,532,0,Oceania
681,51864,2012-08-17 00:00:00,2012-08-17 00:00:00,Male,4,SYDNEY,NEW SOUTH WALES,AU,64.0,3/31/2014,20,96763,52692.0,37986.0,77590,2013-09-19 00:00:00,195,20.9,79,0,1.1,96763,0,Oceania
21455,52007,2012-11-22 00:00:00,2013-07-06 00:00:00,Male,4,SYDNEY,NEW SOUTH WALES,AU,26.0,3/31/2014,4,10902,0.0,6688.0,16655,2013-08-04 00:00:00,241,9.7,29,0,0.7,10902,0,Oceania
21289,52173,2013-03-31 00:00:00,2013-03-31 00:00:00,Female,4,SYDNEY,NEW SOUTH WALES,AU,29.0,3/31/2014,4,6550,3000.0,3248.0,16725,2013-04-16 00:00:00,351,5.3,13,0,0.7,6550,0,Oceania
12950,52214,2012-11-29 00:00:00,2013-02-04 00:00:00,Female,4,AUCKLAND,AUCKLAND,NZ,45.0,3/31/2014,8,15501,5530.0,5773.0,26601,2014-03-22 00:00:00,10,58.9,159,0,0.7,15501,0,Oceania
14042,52518,2013-03-13 00:00:00,2013-03-13 00:00:00,Female,4,SYDNEY,NEW SOUTH WALES,AU,49.0,3/31/2014,7,10913,2684.0,6432.0,28015,2013-11-15 00:00:00,138,41.2,202,0,0.6,10913,0,Oceania
10785,55286,2007-05-31 00:00:00,2013-02-16 00:00:00,Male,4,MELBOURNE,VICTORIA,AU,65.0,3/31/2014,5,16226,3852.0,8963.0,30482,2014-02-01 00:00:00,60,87.5,267,0,0.7,16226,0,Oceania
62459,55302,2007-05-21 00:00:00,2008-06-19 00:00:00,Female,4,SYDNEY,NEW SOUTH WALES,AU,41.0,3/31/2014,2,886,0.0,714.0,2378,2013-10-31 00:00:00,153,11.0,11,0,0.3,1386,1,Oceania
3452,55335,2007-10-09 00:00:00,2008-01-03 00:00:00,Male,4,SYDNEY,NEW SOUTH WALES,AU,47.0,3/31/2014,8,23992,2400.0,19450.0,60765,2014-03-28 00:00:00,4,80.6,217,1,0.7,23992,1,Oceania
40555,55361,2008-05-19 00:00:00,2010-02-09 00:00:00,Female,4,MELBOURNE,VICTORIA,AU,28.0,3/31/2014,2,3285,365.0,1900.0,8367,2013-06-23 00:00:00,283,337.0,337,2,0.5,3285,2,Oceania
20186,55526,2010-09-16 00:00:00,2010-10-14 00:00:00,Female,4,MELBOURNE,VICTORIA,AU,44.0,3/31/2014,4,6893,0.0,6530.0,17601,2013-04-28 00:00:00,339,4.3,8,0,0.7,6893,0,Oceania
10363,55573,2010-12-27 00:00:00,2011-04-25 00:00:00,Male,4,SYDNEY,NEW SOUTH WALES,AU,39.0,3/31/2014,7,12726,512.0,11272.0,32075,2013-12-15 00:00:00,108,84.0,262,1,0.7,12726,1,Oceania
8388,56045,2013-01-30 00:00:00,2013-02-11 00:00:00,Female,4,SYDNEY,NEW SOUTH WALES,AU,53.0,3/31/2014,4,21745,6400.0,8500.0,30398,2014-03-04 00:00:00,28,129.0,357,0,0.8,21745,0,Oceania
19514,56053,2013-03-20 00:00:00,2013-04-04 00:00:00,Male,4,SYDNEY,NEW SOUTH WALES,AU,58.0,3/31/2014,4,7028,0.0,7520.0,16333,2013-04-09 00:00:00,358,1.7,3,0,0.8,7028,0,Oceania
13081,56563,2007-07-10 00:00:00,2013-03-23 00:00:00,Male,4,MELBOURNE,VICTORIA,AU,54.0,3/31/2014,4,13956,3000.0,7178.0,24002,2013-10-27 00:00:00,157,72.7,92,0,0.7,13956,0,Oceania
13273,56888,2008-02-11 00:00:00,2008-06-25 00:00:00,Female,4,SYDNEY,NEW SOUTH WALES,AU,47.0,3/31/2014,8,12143,12618.0,0.0,23380,2013-01-24 00:00:00,433,40.3,140,0,0.8,17231,29,Oceania
24303,56923,2007-11-01 00:00:00,2010-09-11 00:00:00,Male,4,SYDNEY,NEW SOUTH WALES,AU,51.0,3/31/2014,2,5998,0.0,4800.0,15199,2013-08-24 00:00:00,221,34.0,34,0,0.6,5998,0,Oceania
59252,57092,2008-04-18 00:00:00,2008-04-18 00:00:00,Male,4,SYDNEY,NEW SOUTH WALES,AU,64.0,3/31/2014,3,1515,0.0,1871.0,1641,2013-06-26 00:00:00,280,20.0,40,0,0.8,1515,0,Oceania
32670,57252,2008-04-21 00:00:00,2008-06-30 00:00:00,Male,4,SYDNEY,NEW SOUTH WALES,AU,44.0,3/31/2014,5,4099,3948.0,1558.0,9170,2013-08-21 00:00:00,224,122.0,252,0,0.7,4099,0,Oceania
20519,57434,2008-07-18 00:00:00,2011-10-13 00:00:00,Male,4,MELBOURNE,VICTORIA,AU,75.0,3/31/2014,2,15076,3400.0,3500.0,15208,2013-06-13 00:00:00,293,153.0,153,0,0.8,15076,0,Oceania
10055,57595,2008-09-13 00:00:00,2008-09-22 00:00:00,Male,4,MELBOURNE,VICTORIA,AU,56.0,3/31/2014,8,13376,5258.0,6058.0,33908,2013-10-06 00:00:00,178,62.1,298,0,0.6,13376,0,Oceania
23211,57732,2009-03-05 00:00:00,2009-03-05 00:00:00,Female,4,MELBOURNE,VICTORIA,AU,28.0,3/31/2014,3,6359,0.0,5779.0,16081,2013-08-04 00:00:00,241,13.5,27,0,0.6,6359,0,Oceania
7249,57735,2008-09-26 00:00:00,2008-09-26 00:00:00,Male,4,MELBOURNE,VICTORIA,AU,34.0,3/31/2014,9,17139,3405.0,11272.0,43522,2014-03-19 00:00:00,13,53.2,277,0,0.6,17139,0,Oceania
19489,58033,2012-09-22 00:00:00,2012-09-22 00:00:00,Male,4,SYDNEY,NEW SOUTH WALES,AU,31.0,3/31/2014,4,11222,3500.0,4411.0,16348,2014-03-06 00:00:00,26,177.0,525,0,0.8,11222,0,Oceania
22518,58065,2008-12-28 00:00:00,2009-09-07 00:00:00,Male,4,MELBOURNE,VICTORIA,AU,46.0,3/31/2014,3,6477,2684.0,2750.0,16507,2013-07-05 00:00:00,271,178.5,357,0,0.7,6477,0,Oceania
21384,58164,2009-08-02 00:00:00,2010-01-29 00:00:00,Male,4,MELBOURNE,VICTORIA,AU,36.0,3/31/2014,16,9482,6823.0,3810.0,15368,2014-02-24 00:00:00,37,41.8,114,0,0.7,9482,0,Oceania
4990,58251,2009-07-20 00:00:00,2010-01-25 00:00:00,Male,4,SYDNEY,NEW SOUTH WALES,AU,60.0,3/31/2014,6,31494,10700.0,8600.0,45504,2014-02-03 00:00:00,58,111.6,132,0,0.8,31494,0,Oceania
29846,58644,2010-04-18 00:00:00,2010-04-18 00:00:00,Male,4,SYDNEY,NEW SOUTH WALES,AU,55.0,3/31/2014,4,4969,3958.0,765.0,12757,2013-04-18 00:00:00,349,121.0,348,0,0.6,4969,0,Oceania
52404,59085,2011-04-14 00:00:00,2011-08-09 00:00:00,Male,4,MELBOURNE,VICTORIA,AU,48.0,3/31/2014,2,2343,2151.0,0.0,3145,2013-03-22 00:00:00,376,336.0,336,0,0.8,2343,0,Oceania
52399,59090,2011-01-22 00:00:00,2011-01-22 00:00:00,Male,4,DUNEDIN,OTAGO,NZ,52.0,3/31/2014,4,1319,580.0,1806.0,4262,2014-01-02 00:00:00,90,93.7,238,0,0.6,1319,0,Oceania
9042,59527,2011-07-05 00:00:00,2011-07-05 00:00:00,Female,4,MELBOURNE,VICTORIA,AU,29.0,3/31/2014,19,18684,12767.0,6141.0,31916,2014-03-15 00:00:00,17,38.0,136,0,0.7,19615,3,Oceania
26045,59605,2012-10-07 00:00:00,2012-10-07 00:00:00,Female,4,SYDNEY,NEW SOUTH WALES,AU,56.0,3/31/2014,5,11316,10816.0,0.0,10524,2012-11-01 00:00:00,517,6.2,12,0,0.9,11316,0,Oceania
23496,59742,2012-03-29 00:00:00,2012-03-31 00:00:00,Male,4,SYDNEY,NEW SOUTH WALES,AU,41.0,3/31/2014,5,9750,2038.0,4978.0,14242,2013-09-01 00:00:00,213,116.2,325,0,0.7,9750,0,Oceania
20125,59807,2012-08-12 00:00:00,2012-08-12 00:00:00,Male,4,SYDNEY,NEW SOUTH WALES,AU,62.0,3/31/2014,5,6906,6698.0,0.0,17107,2013-03-16 00:00:00,382,54.0,171,0,0.7,6906,0,Oceania
31841,60189,2012-07-25 00:00:00,2012-12-08 00:00:00,Female,4,MELBOURNE,VICTORIA,AU,58.0,3/31/2014,3,8496,4168.0,0.0,10218,2012-12-20 00:00:00,468,6.0,6,0,0.7,8496,0,Oceania
20976,60760,2012-06-15 00:00:00,2012-06-15 00:00:00,Female,4,MELBOURNE,VICTORIA,AU,16.0,3/31/2014,4,6798,6060.0,0.0,17356,2012-06-28 00:00:00,643,4.3,11,0,0.7,6798,0,Oceania
11035,61177,2012-11-30 00:00:00,2012-12-06 00:00:00,Male,4,SYDNEY,NEW SOUTH WALES,AU,17.0,3/31/2014,5,20097,7250.0,4400.0,28427,2014-01-28 00:00:00,64,104.5,360,0,0.7,20097,0,Oceania
21380,61483,2013-03-05 00:00:00,2013-03-05 00:00:00,Female,4,SYDNEY,NEW SOUTH WALES,AU,27.0,3/31/2014,4,6402,3319.0,3258.0,16624,2014-03-11 00:00:00,21,124.0,372,0,0.7,6402,0,Oceania
